Top pages,Clicks,Impressions,CTR,Position
https://dikkeklok.nl/,135,1364,9.9%,15.07
https://dikkeklok.nl/algemeen/polsmaat,13,921,1.41%,16.86
https://dikkeklok.nl/algemeen/grijze-dealers,13,98,13.27%,19.98
https://dikkeklok.nl/algemeen/onderhoud-automatisch-horloge,11,1352,0.81%,33.49
https://dikkeklok.nl/algemeen/onderhoud-automatisch-horloge/,6,387,1.55%,35.99
https://dikkeklok.nl/alternatief/rolex-gmt/,5,233,2.15%,18.82
https://dikkeklok.nl/algemeen/beste-aliexpress-horloges/,4,383,1.04%,30.94
https://dikkeklok.nl/accessoires/mooiste-horloge-boeken/,4,219,1.83%,15.6
https://dikkeklok.nl/algemeen/grijze-dealers/,4,119,3.36%,21.37
https://dikkeklok.nl/alternatief/rolex-submariner/,2,58,3.45%,25.9
https://dikkeklok.nl/accessoires/handigste-horloge-accessoires/,2,29,6.9%,34.76
https://dikkeklok.nl/accessoires/mooiste-horloge-boeken,2,17,11.76%,9.47
https://dikkeklok.nl/algemeen/shinen-met-goud/,2,15,13.33%,14
https://dikkeklok.nl/algemeen/zustermerken,1,189,0.53%,16.32
https://dikkeklok.nl/alternatief/rolex-gmt,1,120,0.83%,11.62
https://dikkeklok.nl/algemeen/limited-en-special-editions,1,103,0.97%,22.88
https://dikkeklok.nl/algemeen/waar-te-koop/,1,95,1.05%,53.04
https://dikkeklok.nl/algemeen/limited-en-special-editions/,1,90,1.11%,27.48
https://dikkeklok.nl/boekenkast,1,64,1.56%,24.66
https://dikkeklok.nl/algemeen/vierkant-horloge/,1,26,3.85%,27.96
https://dikkeklok.nl/algemeen/shinen-met-goud,1,12,8.33%,9.75
https://dikkeklok.nl/winkel/,1,8,12.5%,1.88
https://dikkeklok.nl/alternatief/rolex-hulk/,0,126,0%,41.4
https://dikkeklok.nl/accessoires/horloge-dozen,0,68,0%,40.21
https://dikkeklok.nl/accessoires/handigste-horloge-accessoires,0,65,0%,51.31
https://dikkeklok.nl/algemeen/eerste-rolex-kopen,0,56,0%,38.02
https://dikkeklok.nl/blog/,0,33,0%,34.03
https://dikkeklok.nl/algemeen/beste-aliexpress-horloges,0,10,0%,21.3
https://dikkeklok.nl/algemeen/zustermerken/,0,9,0%,30
https://dikkeklok.nl/alternatief/rolex-submariner,0,9,0%,32.67
https://dikkeklok.nl/winkel/rodania-chronograph,0,8,0%,16.5
https://dikkeklok.nl/algemeen/waar-te-koop,0,7,0%,9
https://dikkeklok.nl/winkel/cartier-tank-must,0,5,0%,17
https://dikkeklok.nl/algemeen/horloges-voor-kinderen,0,5,0%,63
https://dikkeklok.nl/winkel/hublot-nfs-service,0,4,0%,13.25
https://dikkeklok.nl/alternatief/rolex-hulk,0,3,0%,8
https://dikkeklok.nl/tags/,0,2,0%,14.5